quoteID	quoteText	subQuotationList	referringExpression
Q0	Ceci est votre meilleure œuvre, Basil, la meilleure chose que vous ayez jamais faite.	['Ceci est votre meilleure œuvre, Basil, la meilleure chose que vous ayez jamais faite.']	dit lord Henry languissamment
Q1	Je ne crois pas que j’enverrai ceci quelque part, Non, je n’enverrai ceci nulle part.	['Je ne crois pas que j’enverrai ceci quelque part,', 'Non, je n’enverrai ceci nulle part.']	répondit le peintre
Q2	Vous n’enverrez cela nulle part ? Et pourquoi mon cher ami ? Quelle raison donnez-vous ? Quels singuliers bonshommes vous êtes, vous autres peintres ? Vous remuez le monde pour acquérir de la réputation ; aussitôt que vous l’avez, vous semblez vouloir vous en débarrasser. C’est ridicule de votre part, car s’il n’y a qu’une chose au monde pire que la renommée, c’est de n’en pas avoir. Un portrait comme celui-ci vous mettrait au-dessus de tous les jeunes gens de l’Angleterre, et rendrait les vieux jaloux, si les vieux pouvaient encore ressentir quelque émotion.	['Vous n’enverrez cela nulle part ?', 'Et pourquoi mon cher ami ?', 'Quelle raison donnez-vous ?', 'Quels singuliers bonshommes vous êtes, vous autres peintres ?', 'Vous remuez le monde pour acquérir de la réputation ; aussitôt que vous l’avez, vous semblez vouloir vous en débarrasser.', 'C’est ridicule de votre part, car s’il n’y a qu’une chose au monde pire que la renommée, c’est de n’en pas avoir.', 'Un portrait comme celui-ci vous mettrait au-dessus de tous les jeunes gens de l’Angleterre, et rendrait les vieux jaloux, si les vieux pouvaient encore ressentir quelque émotion.']	
Q3	Je sais que vous rirez de moi, mais je ne puis réellement l’exposer. J’ai mis trop de moi-même là-dedans.	['Je sais que vous rirez de moi,', 'mais je ne puis réellement l’exposer.', 'J’ai mis trop de moi-même là-dedans.']	répliqua-t-il
Q4	Je savais que vous ririez, mais c’est tout à fait la même chose.	['Je savais que vous ririez, mais c’est tout à fait la même chose.']	
Q5	Trop de vous-même !… Sur ma parole, Basil, je ne vous savais pas si vain ; je ne vois vraiment pas de ressemblance entre vous, avec votre rude et forte figure, votre chevelure noire comme du charbon et ce jeune Adonis qui a l’air fait d’ivoire et de feuilles de roses. Car, mon cher, c’est Narcisse lui-même, tandis que vous !… Il est évident que votre face respire l’intelligence et le reste… Mais la beauté, la réelle beauté finit où commence l’expression intellectuelle. L’intellectualité est en elle-même un mode d’exagération, et détruit l’harmonie de n’importe quelle face. Au moment où l’on s’assoit pour penser, on devient tout nez, ou tout front, ou quelque chose d’horrible. Voyez les hommes ayant réussi dans une profession savante, combien ils sont parfaitement hideux ! Excepté, naturellement, dans l’Église. Mais dans l’Église, ils ne pensent point. Un évêque dit à l’âge de quatre-vingts ans ce qu’on lui apprit à dire à dix-huit et la conséquence naturelle en est qu’il a toujours l’air charmant. Votre mystérieux jeune ami dont vous ne m’avez jamais dit le nom, mais dont le portrait me fascine réellement, n’a jamais pensé. Je suis sûr de cela. C’est une admirable créature sans cervelle qui pourrait toujours ici nous remplacer en hiver les fleurs absentes, et nous rafraîchir l’intelligence en été. Ne vous flattez pas, Basil : vous ne lui ressemblez pas le moins du monde.	['Trop de vous-même !…', 'Sur ma parole, Basil, je ne vous savais pas si vain ; je ne vois vraiment pas de ressemblance entre vous, avec votre rude et forte figure, votre chevelure noire comme du charbon et ce jeune Adonis qui a l’air fait d’ivoire et de feuilles de roses.', 'Car, mon cher, c’est Narcisse lui-même, tandis que vous !…', 'Il est évident que votre face respire l’intelligence et le reste…', 'Mais la beauté, la réelle beauté finit où commence l’expression intellectuelle.', 'L’intellectualité est en elle-même un mode d’exagération, et détruit l’harmonie de n’importe quelle face.', 'Au moment où l’on s’assoit pour penser, on devient tout nez, ou tout front, ou quelque chose d’horrible.', 'Voyez les hommes ayant réussi dans une profession savante, combien ils sont parfaitement hideux !', 'Excepté, naturellement, dans l’Église.', 'Mais dans l’Église, ils ne pensent point.', 'Un évêque dit à l’âge de quatre-vingts ans ce qu’on lui apprit à dire à dix-huit et la conséquence naturelle en est qu’il a toujours l’air charmant.', 'Votre mystérieux jeune ami dont vous ne m’avez jamais dit le nom, mais dont le portrait me fascine réellement, n’a jamais pensé.', 'Je suis sûr de cela.', 'C’est une admirable créature sans cervelle qui pourrait toujours ici nous remplacer en hiver les fleurs absentes, et nous rafraîchir l’intelligence en été.', 'Ne vous flattez pas, Basil : vous ne lui ressemblez pas le moins du monde.']	
Q6	Vous ne me comprenez point, Harry, répondit l’artiste. Je sais bien que je ne lui ressemble pas ; je le sais parfaitement bien. Je serais même fâché de lui ressembler. Vous levez les épaules ?… Je vous dis la vérité. Une fatalité pèse sur les distinctions physiques et intellectuelles, cette sorte de fatalité qui suit à la piste à travers l’histoire les faux pas des rois. Il vaut mieux ne pas être différent de ses contemporains. Les laids et les sots sont les mieux partagés sous ce rapport dans ce monde. Ils peuvent s’asseoir à leur aise et bâiller au spectacle. S’ils ne savent rien de la victoire, la connaissance de la défaite leur est épargnée. Ils vivent comme nous voudrions vivre, sans être troublés, indifférents et tranquilles. Ils n’importunent personne, ni ne sont importunés. Mais vous, avec votre rang et votre fortune, Harry, moi, avec mon cerveau tel qu’il est, mon art aussi imparfait qu’il puisse être, Dorian Gray avec sa beauté, nous souffrirons tous pour ce que les dieux nous ont donné, nous souffrirons terriblement…	['Vous ne me comprenez point, Harry', 'Je sais bien que je ne lui ressemble pas ; je le sais parfaitement bien', 'Je serais même fâché de lui ressembler', 'Vous levez les épaules ?…', 'Je vous dis la vérité', 'Une fatalité pèse sur les distinctions physiques et intellectuelles, cette sorte de fatalité qui suit à la piste à travers l’histoire les faux pas des rois', 'Il vaut mieux ne pas être différent de ses contemporains', 'Les laids et les sots sont les mieux partagés sous ce rapport dans ce monde', 'Ils peuvent s’asseoir à leur aise et bâiller au spectacle', 'S’ils ne savent rien de la victoire, la connaissance de la défaite leur est épargnée', 'Ils vivent comme nous voudrions vivre, sans être troublés, indifférents et tranquilles', 'Ils n’importunent personne, ni ne sont importunés', 'Mais vous, avec votre rang et votre fortune, Harry, moi, avec mon cerveau tel qu’il est, mon art aussi imparfait qu’il puisse être, Dorian Gray avec sa beauté, nous souffrirons tous pour ce que les dieux nous ont donné, nous souffrirons terriblement…']	répondit l’artiste
Q7	Dorian Gray ? Est-ce son nom.	['Dorian Gray ?', 'Est-ce son nom.']	demanda lord Henry
Q8	Oui, c’est son nom. Je n’avais pas l’intention de vous le dire.	['Oui, c’est son nom.', 'Je n’avais pas l’intention de vous le dire.']	
Q9	Et pourquoi ?	['Et pourquoi ?']	
Q10	Oh ! je ne puis vous l’expliquer. Quand j’aime quelqu’un intensément, je ne dis son nom à personne. C’est presque une trahison. J’ai appris à aimer le secret. Il me semble que c’est la seule chose qui puisse nous faire la vie moderne mystérieuse ou merveilleuse. La plus commune des choses nous paraît exquise si quelqu’un nous la cache. Quand je quitte cette ville, je ne dis à personne où je vais : en le faisant, je perdrais tout mon plaisir. C’est une mauvaise habitude, je l’avoue, mais en quelque sorte, elle apporte dans la vie une part de romanesque… Je suis sûr que vous devez me croire fou à m’entendre parler ainsi ?…	['Oh ! je ne puis vous l’expliquer.', 'Quand j’aime quelqu’un intensément, je ne dis son nom à personne.', 'C’est presque une trahison.', 'J’ai appris à aimer le secret.', 'Il me semble que c’est la seule chose qui puisse nous faire la vie moderne mystérieuse ou merveilleuse.', 'La plus commune des choses nous paraît exquise si quelqu’un nous la cache.', 'Quand je quitte cette ville, je ne dis à personne où je vais : en le faisant, je perdrais tout mon plaisir.', 'C’est une mauvaise habitude, je l’avoue, mais en quelque sorte, elle apporte dans la vie une part de romanesque…', 'Je suis sûr que vous devez me croire fou à m’entendre parler ainsi ?…']	
Q11	Pas du tout, répondit lord Henry, pas du tout, mon cher Basil. Vous semblez oublier que je suis marié et que le seul charme du mariage est qu’il fait une vie de déception absolument nécessaire aux deux parties. Je ne sais jamais où est ma femme, et ma femme ne sait jamais ce que je fais. Quand nous nous rencontrons — et nous nous rencontrons de temps à autre, quand nous dînons ensemble dehors, ou que nous allons chez le duc — nous nous contons les plus absurdes histoires de l’air le plus sérieux du monde. Dans cet ordre d’idées, ma femme m’est supérieure. Elle n’est jamais embarrassée pour les dates, et je le suis toujours ; quand elle s’en rend compte, elle ne me fait point de scène ; parfois je désirerais qu’elle m’en fît ; mais elle se contente de me rire au nez.	['Pas du tout,', 'pas du tout, mon cher Basil.', 'Vous semblez oublier que je suis marié et que le seul charme du mariage est qu’il fait une vie de déception absolument nécessaire aux deux parties.', 'Je ne sais jamais où est ma femme, et ma femme ne sait jamais ce que je fais.', 'Quand nous nous rencontrons — et nous nous rencontrons de temps à autre, quand nous dînons ensemble dehors, ou que nous allons chez le duc — nous nous contons les plus absurdes histoires de l’air le plus sérieux du monde.', 'Dans cet ordre d’idées, ma femme m’est supérieure.', 'Elle n’est jamais embarrassée pour les dates, et je le suis toujours ; quand elle s’en rend compte, elle ne me fait point de scène ; parfois je désirerais qu’elle m’en fît ; mais elle se contente de me rire au nez.']	répondit lord Henry
Q12	Je n’aime pas cette façon de parler de votre vie conjugale, Harry. Je vous crois un très bon mari honteux de ses propres vertus. Vous êtes un être vraiment extraordinaire. Vous ne dites jamais une chose morale, et jamais vous ne faites une chose mauvaise. Votre cynisme est simplement une pose.	['Je n’aime pas cette façon de parler de votre vie conjugale, Harry.', 'Je vous crois un très bon mari honteux de ses propres vertus.', 'Vous êtes un être vraiment extraordinaire.', 'Vous ne dites jamais une chose morale, et jamais vous ne faites une chose mauvaise.', 'Votre cynisme est simplement une pose.']	dit Basil Hallward en allant vers la porte conduisant au jardin
Q13	Être naturel est aussi une pose, et la plus irritante que je connaisse, s’exclama en riant lord Henry.	['Être naturel est aussi une pose, et la plus irritante que je connaisse.']	s’exclama en riant lord Henry
Q14	Je dois m’en aller, Basil, mais avant de partir, j’aimerais avoir une réponse à la question que je vous ai posée tout à l’heure.	['Je dois m’en aller, Basil,', 'mais avant de partir, j’aimerais avoir une réponse à la question que je vous ai posée tout à l’heure.']	murmura-t-il
Q15	Quelle question ?	['Quelle question ?']	dit le peintre
Q16	Vous la savez…	['Vous la savez…']	
Q17	Mais non, Harry.	['Mais non, Harry.']	
Q18	Bien, je vais vous la redire. J’ai besoin que vous m’expliquiez pourquoi vous ne voulez pas exposer le portrait de Dorian Gray. Je désire en connaître la vraie raison.	['Bien, je vais vous la redire.', 'J’ai besoin que vous m’expliquiez pourquoi vous ne voulez pas exposer le portrait de Dorian Gray.', 'Je désire en connaître la vraie raison.']	—
Q19	Je vous l’ai dite.	['Je vous l’ai dite.']	
Q20	Non pas. Vous m’avez dit que c’était parce qu’il y avait beaucoup trop de vous-même dans ce portrait. Cela est enfantin…	['Non pas.', 'Vous m’avez dit que c’était parce qu’il y avait beaucoup trop de vous-même dans ce portrait.', 'Cela est enfantin…']	
Q21	Harry, dit Basil Hallward, le regardant droit dans les yeux, tout portrait peint compréhensivement est un portrait de l’artiste, non du modèle. Le modèle est purement l’accident, l’occasion. Ce n’est pas lui qui est révélé par le peintre ; c’est plutôt le peintre qui, sur la toile colorée, se révèle lui-même. La raison pour laquelle je n’exhiberai pas ce portrait consiste dans la terreur que j’ai de montrer par lui le secret de mon âme !	['Harry', 'tout portrait peint compréhensivement est un portrait de l’artiste, non du modèle.', 'Le modèle est purement l’accident, l’occasion.', 'Ce n’est pas lui qui est révélé par le peintre ; c’est plutôt le peintre qui, sur la toile colorée, se révèle lui-même.', 'La raison pour laquelle je n’exhiberai pas ce portrait consiste dans la terreur que j’ai de montrer par lui le secret de mon âme !']	dit Basil Hallward
Q22	Et quel est-il ?	['Et quel est-il ?']	
Q23	Je vous le dirai.	['Je vous le dirai.']	répondit Hallward
Q24	Je suis tout oreilles, Basil.	['Je suis tout oreilles, Basil.']	continua son compagnon
Q25	Oh ! c’est vraiment peu de chose, Harry, et je crois bien que vous ne le comprendrez point. Peut-être à peine le croirez-vous…	['Oh ! c’est vraiment peu de chose, Harry,', 'et je crois bien que vous ne le comprendrez point.', 'Peut-être à peine le croirez-vous…']	repartit le peintre
Q26	Je suis tout à fait sûr que je comprendrai cela, en regardant attentivement le petit disque doré, aux pétales blancs, et quant à croire aux choses, je les crois toutes, pourvu qu’elles soient incroyables.	['Je suis tout à fait sûr que je comprendrai cela,', 'en regardant attentivement le petit disque doré, aux pétales blancs,', 'et quant à croire aux choses, je les crois toutes, pourvu qu’elles soient incroyables.']	dit-il
Q27	Voici l’histoire, dit le peintre après un temps. Vous savez, Harry, combien ma vie est indépendante. J’ai toujours été mon maître — je l’avais, tout au moins toujours été, jusqu’au jour de ma rencontre avec Dorian Gray. Alors… mais je ne sais comment vous expliquer ceci…	['Voici l’histoire.', 'Vous savez, Harry, combien ma vie est indépendante.', 'J’ai toujours été mon maître — je l’avais, tout au moins toujours été, jusqu’au jour de ma rencontre avec Dorian Gray.', 'Alors… mais je ne sais comment vous expliquer ceci…']	dit le peintre après un temps
Q28	La conscience et la lâcheté sont réellement les mêmes choses, Basil. La conscience est le surnom de la fermeté. C’est tout.	['La conscience et la lâcheté sont réellement les mêmes choses, Basil.', 'La conscience est le surnom de la fermeté.', 'C’est tout.']	
Q29	Je ne crois pas cela, Harry, et je pense que vous ne le croyez pas non plus. Vous n’avez pas l’intention de partir si vite, M. Hallward	['Je ne crois pas cela, Harry, et je pense que vous ne le croyez pas non plus.', 'Vous n’avez pas l’intention de partir si vite, M. Hallward']	s’écria-t-elle
Q30	Oui, elle me fait l’effet d’être un paon en toutes choses, excepté en beauté.	['Oui, elle me fait l’effet d’être un paon en toutes choses, excepté en beauté.']	dit lord Henry
Q31	Je ne pus me débarrasser d’elle. Elle me présenta à des Altesses, et à des personnes portant Étoiles et Jarretières, à des dames mûres, affublées de tiares gigantesques et de nez de perroquets… Elle parla de moi comme de son meilleur ami.	['Je ne pus me débarrasser d’elle.', 'Elle me présenta à des Altesses, et à des personnes portant Étoiles et Jarretières, à des dames mûres, affublées de tiares gigantesques et de nez de perroquets…', 'Elle parla de moi comme de son meilleur ami.']	Elle
Q32	Et comment lady Brandon vous parla-t-elle de ce merveilleux jeune homme ?	['Et comment lady Brandon vous parla-t-elle de ce merveilleux jeune homme ?']	demanda l’ami
Q33	Je me souviens qu’elle me présenta une fois à un apoplectique et truculent gentleman, couvert d’ordres et de rubans, et sur lui me souffla à l’oreille, sur un mode tragique, les plus abasourdissants détails, qui durent être perçus de chaque personne alors dans le salon.	['Je me souviens qu’elle me présenta une fois à un apoplectique et truculent gentleman, couvert d’ordres et de rubans, et sur lui me souffla à l’oreille, sur un mode tragique, les plus abasourdissants détails, qui durent être perçus de chaque personne alors dans le salon.']	
Q34	Pauvre lady Brandon ! Vous êtes dur pour elle.	['Pauvre lady Brandon !', 'Vous êtes dur pour elle.']	observa nonchalamment Hallward
Q35	Mon cher ami, elle essaya de fonder un salon et elle ne réussit qu’à ouvrir un restaurant. Comment pourrais-je l’admirer ?… Mais, dites-moi, que vous confia-t-elle sur M. Dorian Gray ?	['Mon cher ami, elle essaya de fonder un salon et elle ne réussit qu’à ouvrir un restaurant.', 'Comment pourrais-je l’admirer ?…', 'dites-moi, que vous confia-t-elle sur M. Dorian Gray ?']	
Q36	Oh ! quelque chose de très vague dans ce genre : « Charmant garçon ! Sa pauvre chère mère et moi, étions inséparables. Tout à fait oublié ce qu’il fait, ou plutôt, je crains… qu’il ne fasse rien ! Ah ! si, il joue du piano… Ne serait-ce pas plutôt du violon, mon cher M. Gray ? »	['Oh ! quelque chose de très vague dans ce genre : « Charmant garçon !', 'Sa pauvre chère mère et moi, étions inséparables.', 'Tout à fait oublié ce qu’il fait, ou plutôt, je crains… qu’il ne fasse rien !', 'Ah ! si, il joue du piano…', 'Ne serait-ce pas plutôt du violon, mon cher M. Gray ?']	—
Q37	L’hilarité n’est pas du tout un mauvais commencement d’amitié, et c’est loin d’en être une mauvaise fin.	['L’hilarité n’est pas du tout un mauvais commencement d’amitié, et c’est loin d’en être une mauvaise fin.']	dit le jeune lord
Q38	Vous ne pouvez comprendre, Harry, quelle sorte d’amitié ou quelle sorte de haine cela peut devenir, dans ce cas particulier. Vous n’aimez personne, ou, si vous le préférez, personne ne vous intéresse.	['Vous ne pouvez comprendre, Harry, quelle sorte d’amitié ou quelle sorte de haine cela peut devenir, dans ce cas particulier.', 'Vous n’aimez personne, ou, si vous le préférez, personne ne vous intéresse.']	murmura-t-il
Q39	Comme vous êtes injuste !	['Comme vous êtes injuste !']	s’écria lord Henry
Q40	Oui, horriblement injuste !… J’établis une grande différence entre les gens. Je choisis mes amis pour leur bonne mine, mes simples camarades pour leur caractère, et mes ennemis pour leur intelligence ; un homme ne saurait trop attacher d’importance au choix de ses ennemis ; je n’en ai point un seul qui soit un sot ; ce sont tous hommes d’une certaine puissance intellectuelle et, par conséquent, ils m’apprécient. Est-ce très vain de ma part d’agir ainsi ! Je crois que c’est plutôt… vain.	['Oui, horriblement injuste !', 'J’établis une grande différence entre les gens.', 'Je choisis mes amis pour leur bonne mine, mes simples camarades pour leur caractère, et mes ennemis pour leur intelligence ; un homme ne saurait trop attacher d’importance au choix de ses ennemis ; je n’en ai point un seul qui soit un sot ; ce sont tous hommes d’une certaine puissance intellectuelle et, par conséquent, ils m’apprécient.', 'Est-ce très vain de ma part d’agir ainsi !', 'Je crois que c’est plutôt… vain.']	
Q41	Je pense que ça l’est aussi Harry. Mais m’en référant à votre manière de sélection, je dois être pour vous un simple camarade.	['Je pense que ça l’est aussi Harry.', 'Mais m’en référant à votre manière de sélection, je dois être pour vous un simple camarade.']	
Q42	Mon bon et cher Basil, vous m’êtes mieux qu’un camarade…	['Mon bon et cher Basil, vous m’êtes mieux qu’un camarade…']	
Q43	Et moins qu’un ami : Une sorte de…… frère, je suppose !	['Et moins qu’un ami : Une sorte de…… frère, je suppose !']	
Q44	Un frère !.. Je me moque pas mal des frères !… Mon frère aîné ne veut pas mourir, et mes plus jeunes semblent vouloir l’imiter.	['Un frère !..', 'Je me moque pas mal des frères !…', 'Mon frère aîné ne veut pas mourir, et mes plus jeunes semblent vouloir l’imiter.']	
Q45	Harry !	['Harry !']	protesta Hallward sur un ton chagrin
Q46	Mon bon, je ne suis pas tout à fait sérieux. Mais je ne puis m’empêcher de détester mes parents ; je suppose que cela vient de ce que chacun de nous ne peut supporter de voir d’autres personnes ayant les mêmes défauts que soi-même. Je sympathise tout à fait avec la démocratie anglaise dans sa rage contre ce qu’elle appelle les vices du grand monde. La masse sent que l’ivrognerie, la stupidité et l’immoralité sont sa propriété, et si quelqu’un d’entre nous assume l’un de ces défauts, il paraît braconner sur ses chasses… Quand ce pauvre Southwark vint devant la « Cour du Divorce » l’indignation de cette même masse fut absolument magnifique — et je suis parfaitement convaincu que le dixième du peuple ne vit pas comme il conviendrait.	['Mon bon, je ne suis pas tout à fait sérieux.', 'Mais je ne puis m’empêcher de détester mes parents ; je suppose que cela vient de ce que chacun de nous ne peut supporter de voir d’autres personnes ayant les mêmes défauts que soi-même.', 'Je sympathise tout à fait avec la démocratie anglaise dans sa rage contre ce qu’elle appelle les vices du grand monde.', 'La masse sent que l’ivrognerie, la stupidité et l’immoralité sont sa propriété, et si quelqu’un d’entre nous assume l’un de ces défauts, il paraît braconner sur ses chasses…', 'Quand ce pauvre Southwark vint devant la « Cour du Divorce » l’indignation de cette même masse fut absolument magnifique — et je suis parfaitement convaincu que le dixième du peuple ne vit pas comme il conviendrait.']	
Q47	Je n’approuve pas une seule des paroles que vous venez de prononcer, et, je sens, Harry, que vous ne les approuvez pas plus que moi.	['Je n’approuve pas une seule des paroles que vous venez de prononcer, et, je sens, Harry, que vous ne les approuvez pas plus que moi.']	
Q48	Comme vous êtes bien anglais Basil ! Voici la seconde fois que vous me faites cette observation.	['Comme vous êtes bien anglais Basil !', 'Voici la seconde fois que vous me faites cette observation.']	—
Q49	Si l’on fait part d’une idée à un véritable Anglais — ce qui est toujours une chose téméraire — il ne cherche jamais à savoir si l’idée est bonne ou mauvaise ; la seule chose à laquelle il attache quelque importance est de découvrir ce que l’on en pense soi-même.	['Si l’on fait part d’une idée à un véritable Anglais — ce qui est toujours une chose téméraire — il ne cherche jamais à savoir si l’idée est bonne ou mauvaise ; la seule chose à laquelle il attache quelque importance est de découvrir ce que l’on en pense soi-même.']	
Q50	D’ailleurs la valeur d’une idée n’a rien à voir avec la sincérité de l’homme qui l’exprime.	['D’ailleurs la valeur d’une idée n’a rien à voir avec la sincérité de l’homme qui l’exprime.']	
Q51	À la vérité, il y a de fortes chances pour que l’idée soit intéressante en proportion directe du caractère insincère du personnage, car, dans ce cas elle ne sera colorée par aucun des besoins, des désirs ou des préjugés de ce dernier.	['À la vérité, il y a de fortes chances pour que l’idée soit intéressante en proportion directe du caractère insincère du personnage, car, dans ce cas elle ne sera colorée par aucun des besoins, des désirs ou des préjugés de ce dernier.']	
Q52	Cependant, je ne me propose pas d’aborder les questions politiques, sociologiques ou métaphysiques avec vous.	['Cependant, je ne me propose pas d’aborder les questions politiques, sociologiques ou métaphysiques avec vous.']	
Q53	J’aime mieux les personnes que leurs principes, et j’aime encore mieux les personnes sans principes que n’importe quoi au monde.	['J’aime mieux les personnes que leurs principes, et j’aime encore mieux les personnes sans principes que n’importe quoi au monde.']	
Q54	Parlons encore de M. Dorian Gray. L’avez-vous vu souvent ?	['Parlons encore de M. Dorian Gray.', 'L’avez-vous vu souvent ?']	
Q55	Tous les jours. Je ne saurais être heureux si je ne le voyais chaque jour. Il m’est absolument nécessaire.	['Tous les jours.', 'Je ne saurais être heureux si je ne le voyais chaque jour.', 'Il m’est absolument nécessaire.']	
Q56	Vraiment curieux ! Je pensais que vous ne vous souciez d’autre chose que de votre art…	['Vraiment curieux !', 'Je pensais que vous ne vous souciez d’autre chose que de votre art…']	
Q57	Il est tout mon art, maintenant, répliqua le peintre, gravement ; je pense quelquefois, Harry, qu’il n’y a que deux ères de quelque importance dans l’histoire du monde. La première est l’apparition d’un nouveau moyen d’art, et la seconde l’avènement d’une nouvelle personnalité artistique. Ce que la découverte de la peinture fut pour les Vénitiens, la face d’Antinoüs pour l’art grec antique, Dorian Gray me le sera quelque jour. Ce n’est pas simplement parce que je le peins, que je le dessine ou que j’en prends des esquisses ; j’ai fait tout cela d’abord. Il m’est beaucoup plus qu’un modèle. Cela ne veut point dire que je sois peu satisfait de ce que j’ai fait d’après lui ou que sa beauté soit telle que l’Art ne la puisse rendre. Il n’est rien que l’Art ne puisse rendre, et je sais fort bien que l’œuvre que j’ai faite depuis ma rencontre avec Dorian Gray est une belle œuvre, la meilleure de ma vie. Mais, d’une manière indécise et curieuse — je m’étonnerais que vous puissiez me comprendre — sa personne m’a suggéré une manière d’art entièrement nouvelle, un mode d’expression entièrement nouveau. Je vois les choses différemment ; je les pense différemment. Je puis maintenant vivre une existence qui m’était cachée auparavant. « Une forme rêvée en des jours de pensée » qui a dit cela ? Je ne m’en souviens plus ; mais c’est exactement ce que Dorian Gray m’a été. La simple présence visible de cet adolescent — car il ne me semble guère qu’un adolescent, bien qu’il ait plus de vingt ans — la simple présence visible de cet adolescent !… Ah ! je m’étonnerais que vous puissiez vous rendre compte de ce que cela signifie ! Inconsciemment, il définit pour moi les lignes d’une école nouvelle, d’une école qui unirait la passion de l’esprit romantique à la perfection de l’esprit grec. L’harmonie du corps et de l’âme, quel rêve !… Nous, dans notre aveuglement, nous avons séparé ces deux choses et avons inventé un réalisme qui est vulgaire, une idéalité qui est vide ! Harry ! Ah ! si vous pouviez savoir ce que m’est Dorian Gray !… Vous vous souvenez de ce paysage, pour lequel Agnew m’offrit une somme si considérable, mais dont je ne voulus me séparer. C’est une des meilleures choses que j’aie jamais faites. Et savez-vous pourquoi ? Parce que, tandis que je le peignais, Dorian Gray était assis à côté de moi. Quelque subtile influence passa de lui en moi-même, et pour la première fois de ma vie, je surpris dans le paysage ce je ne sais quoi que j’avais toujours cherché… et toujours manqué.	['Il est tout mon art, maintenant,', 'je pense quelquefois, Harry, qu’il n’y a que deux ères de quelque importance dans l’histoire du monde.', 'La première est l’apparition d’un nouveau moyen d’art, et la seconde l’avènement d’une nouvelle personnalité artistique.', 'Ce que la découverte de la peinture fut pour les Vénitiens, la face d’Antinoüs pour l’art grec antique, Dorian Gray me le sera quelque jour.', 'Ce n’est pas simplement parce que je le peins, que je le dessine ou que j’en prends des esquisses ; j’ai fait tout cela d’abord.', 'Il m’est beaucoup plus qu’un modèle.', 'Cela ne veut point dire que je sois peu satisfait de ce que j’ai fait d’après lui ou que sa beauté soit telle que l’Art ne la puisse rendre.', 'Il n’est rien que l’Art ne puisse rendre, et je sais fort bien que l’œuvre que j’ai faite depuis ma rencontre avec Dorian Gray est une belle œuvre, la meilleure de ma vie.', 'Mais, d’une manière indécise et curieuse — je m’étonnerais que vous puissiez me comprendre — sa personne m’a suggéré une manière d’art entièrement nouvelle, un mode d’expression entièrement nouveau.', 'Je vois les choses différemment ; je les pense différemment.', 'Je puis maintenant vivre une existence qui m’était cachée auparavant.', '« Une forme rêvée en des jours de pensée » qui a dit cela ? Je ne m’en souviens plus ; mais c’est exactement ce que Dorian Gray m’a été.', 'La simple présence visible de cet adolescent — car il ne me semble guère qu’un adolescent, bien qu’il ait plus de vingt ans — la simple présence visible de cet adolescent !…', 'Ah ! je m’étonnerais que vous puissiez vous rendre compte de ce que cela signifie !', 'Inconsciemment, il définit pour moi les lignes d’une école nouvelle, d’une école qui unirait la passion de l’esprit romantique à la perfection de l’esprit grec.', 'L’harmonie du corps et de l’âme, quel rêve !…', 'Nous, dans notre aveuglement, nous avons séparé ces deux choses et avons inventé un réalisme qui est vulgaire, une idéalité qui est vide !', 'Harry ! Ah ! si vous pouviez savoir ce que m’est Dorian Gray !…', 'Vous vous souvenez de ce paysage, pour lequel Agnew m’offrit une somme si considérable, mais dont je ne voulus me séparer.', 'C’est une des meilleures choses que j’aie jamais faites.', 'Et savez-vous pourquoi ? Parce que, tandis que je le peignais, Dorian Gray était assis à côté de moi.', 'Quelque subtile influence passa de lui en moi-même, et pour la première fois de ma vie, je surpris dans le paysage ce je ne sais quoi que j’avais toujours cherché… et toujours manqué.']	répliqua le peintre
Q58	Basil, cela est stupéfiant ! Il faut que je voie ce Dorian Gray !…	['Basil, cela est stupéfiant !', 'Il faut que je voie ce Dorian Gray !…']	
Q59	Harry, dit-il, Dorian Gray m’est simplement un motif d’art ; vous, vous ne verriez rien en lui ; moi, j’y vois tout. Il n’est jamais plus présent dans ma pensée que quand je ne vois rien de lui me le rappelant. Il est une suggestion comme je vous l’ai dit, d’une nouvelle manière. Je le trouve dans les courbes de certaines lignes, dans l’adorable et le subtil de certaines nuances. C’est tout.	['Harry', 'Dorian Gray m’est simplement un motif d’art ; vous, vous ne verriez rien en lui ; moi, j’y vois tout.', 'Il n’est jamais plus présent dans ma pensée que quand je ne vois rien de lui me le rappelant.', 'Il est une suggestion comme je vous l’ai dit, d’une nouvelle manière.', 'Je le trouve dans les courbes de certaines lignes, dans l’adorable et le subtil de certaines nuances.', 'C’est tout.']	dit-il
Q60	Alors, pourquoi ne voulez-vous point exposer son portrait.	['Alors, pourquoi ne voulez-vous point exposer son portrait.']	demanda de nouveau lord Henry
Q61	Parce que, sans le vouloir, j’ai mis dans cela quelque expression de toute cette étrange idolâtrie artistique dont je ne lui ai jamais parlé. Il n’en sait rien ; il l’ignorera toujours. Mais le monde peut la deviner, et je ne veux découvrir mon âme aux bas regards quêteurs ; mon cœur ne sera jamais mis sous un microscope… Il y a trop de moi-même dans cette chose, Harry, trop de moi-même !…	['Parce que, sans le vouloir, j’ai mis dans cela quelque expression de toute cette étrange idolâtrie artistique dont je ne lui ai jamais parlé.', 'Il n’en sait rien ; il l’ignorera toujours.', 'Mais le monde peut la deviner, et je ne veux découvrir mon âme aux bas regards quêteurs ; mon cœur ne sera jamais mis sous un microscope…', 'Il y a trop de moi-même dans cette chose, Harry, trop de moi-même !…']	
Q62	Les poètes ne sont pas aussi scrupuleux que vous l’êtes ; ils savent combien la passion utilement divulguée aide à la vente. Aujourd’hui un cœur brisé se tire à plusieurs éditions.	['Les poètes ne sont pas aussi scrupuleux que vous l’êtes ; ils savent combien la passion utilement divulguée aide à la vente.', 'Aujourd’hui un cœur brisé se tire à plusieurs éditions.']	
Q63	Je les hais pour cela, clama Hallward… Un artiste doit créer de belles choses, mais ne doit rien mettre de lui-même en elles. Nous vivons dans un âge où les hommes ne voient l’art que sous un aspect autobiographique. Nous avons perdu le sens abstrait de la beauté. Quelque jour je montrerai au monde ce que c’est et pour cette raison le monde ne verra jamais mon portrait de Dorian Gray.	['Je les hais pour cela', 'Un artiste doit créer de belles choses, mais ne doit rien mettre de lui-même en elles', 'Nous vivons dans un âge où les hommes ne voient l’art que sous un aspect autobiographique', 'Nous avons perdu le sens abstrait de la beauté', 'Quelque jour je montrerai au monde ce que c’est et pour cette raison le monde ne verra jamais mon portrait de Dorian Gray.']	clama Hallward
Q64	Je pense que vous avez tort, Basil, mais je ne veux pas discuter avec vous. Je ne m’occupe que de la perte intellectuelle… Dites-moi, Dorian Gray vous aime-t-il ?…	['Je pense que vous avez tort, Basil, mais je ne veux pas discuter avec vous.', 'Je ne m’occupe que de la perte intellectuelle…', 'Dites-moi, Dorian Gray vous aime-t-il ?…']	
Q65	Il m’aime, je sais qu’il m’aime… Je le flatte beaucoup, cela se comprend. Je trouve un étrange plaisir à lui dire des choses que certes je serais désolé d’avoir dites. D’ordinaire, il est tout à fait charmant avec moi, et nous passons des journées dans l’atelier à parler de mille choses. De temps à autre, il est horriblement étourdi et semble trouver un réel plaisir à me faire de la peine. Je sens, Harry, que j’ai donné mon âme entière à un être qui la traite comme une fleur à mettre à son habit, comme un bout de ruban pour sa vanité, comme la parure d’un jour d’été…	['Il m’aime', 'je sais qu’il m’aime…', 'Je le flatte beaucoup', 'cela se comprend', 'Je trouve un étrange plaisir à lui dire des choses que certes je serais désolé d’avoir dites', 'D’ordinaire, il est tout à fait charmant avec moi', 'et nous passons des journées dans l’atelier à parler de mille choses', 'De temps à autre, il est horriblement étourdi et semble trouver un réel plaisir à me faire de la peine', 'Je sens, Harry, que j’ai donné mon âme entière à un être qui la traite comme une fleur à mettre à son habit, comme un bout de ruban pour sa vanité, comme la parure d’un jour d’été…']	répondit-il après une pause
Q66	Les jours d’été sont bien longs, souffla lord Henry… Peut-être vous fatiguerez-vous de lui plutôt qu’il ne le voudra.	['Les jours d’été sont bien longs, souffla lord Henry…', 'Peut-être vous fatiguerez-vous de lui plutôt qu’il ne le voudra.']	souffla lord Henry
Q67	Je pense que vous vous fatiguerez le premier, tout de même… Quelque jour, vous regarderez votre ami et il vous semblera que « ça n’est plus ça » ; vous n’aimerez plus son teint, ou toute autre chose… Vous le lui reprocherez au fond de vous-même et finirez par penser qu’il s’est mal conduit envers vous. Le jour suivant, vous serez parfaitement calme et indifférent. C’est regrettable, car cela vous changera… Ce que vous m’avez dit est tout à fait un roman, un roman d’art, l’appellerai-je, et le désolant de cette manière de roman est qu’il vous laisse un souvenir peu romanesque…	['Je pense que vous vous fatiguerez le premier, tout de même… Quelque jour, vous regarderez votre ami et il vous semblera que « ça n’est plus ça » ; vous n’aimerez plus son teint, ou toute autre chose… Vous le lui reprocherez au fond de vous-même et finirez par penser qu’il s’est mal conduit envers vous. Le jour suivant, vous serez parfaitement calme et indifférent. C’est regrettable, car cela vous changera… Ce que vous m’avez dit est tout à fait un roman, un roman d’art, l’appellerai-je, et le désolant de cette manière de roman est qu’il vous laisse un souvenir peu romanesque…']	
Q68	Harry, ne parlez pas comme cela. Aussi longtemps que Dorian Gray existera, je serai dominé par sa personnalité. Vous ne pouvez sentir de la même façon que moi. Vous changez trop souvent.	['Harry, ne parlez pas comme cela.', 'Aussi longtemps que Dorian Gray existera, je serai dominé par sa personnalité.', 'Vous ne pouvez sentir de la même façon que moi.', 'Vous changez trop souvent.']	
Q69	Eh mon cher Basil, c’est justement à cause de cela que je sens. Ceux qui sont fidèles connaissent seulement le côté trivial de l’amour ; c’est la trahison qui en connaît les tragédies.	['Eh mon cher Basil, c’est justement à cause de cela que je sens.', 'Ceux qui sont fidèles connaissent seulement le côté trivial de l’amour ; c’est la trahison qui en connaît les tragédies.']	
Q70	Mon cher ami, je me souviens.	['Mon cher ami, je me souviens.']	
Q71	Vous vous souvenez de quoi, Harry ?	['Vous vous souvenez de quoi, Harry ?']	
Q72	Où j’entendis le nom de Dorian Gray.	['Où j’entendis le nom de Dorian Gray.']	
Q73	Où était-ce ?	['Où était-ce ?']	demanda Hallward
Q74	Ne me regardez pas d’un air si furieux, Basil… C’était chez ma tante, Lady Agathe. Elle me dit qu’elle avait fait la connaissance d’un « merveilleux » jeune homme qui voulait bien l’accompagner dans le East-End et qu’il s’appelait Dorian Gray. Je puis assurer qu’elle ne me parla jamais de lui comme d’un beau jeune homme. Les femmes ne se rendent pas un compte exact de ce que peut être un beau jeune homme ; les braves femmes tout au moins… Elle me dit qu’il était très sérieux et qu’il avait un bon caractère. Je m’étais du coup représenté un individu avec des lunettes et des cheveux plats, des taches de rousseur, se dandinant sur d’énormes pieds… J’aurais aimé savoir que c’était votre ami.	['Ne me regardez pas d’un air si furieux, Basil…', 'C’était chez ma tante, Lady Agathe.', 'Elle me dit qu’elle avait fait la connaissance d’un « merveilleux » jeune homme qui voulait bien l’accompagner dans le East-End et qu’il s’appelait Dorian Gray.', 'Je puis assurer qu’elle ne me parla jamais de lui comme d’un beau jeune homme.', 'Les femmes ne se rendent pas un compte exact de ce que peut être un beau jeune homme ; les braves femmes tout au moins…', 'Elle me dit qu’il était très sérieux et qu’il avait un bon caractère.', 'Je m’étais du coup représenté un individu avec des lunettes et des cheveux plats, des taches de rousseur, se dandinant sur d’énormes pieds…', 'J’aurais aimé savoir que c’était votre ami.']	dit
Q75	Je suis heureux que vous ne l’ayez point su.	['Je suis heureux que vous ne l’ayez point su.']	
Q76	Et pourquoi ?	['Et pourquoi ?']	
Q77	Je ne désire pas que vous le connaissiez.	['Je ne désire pas que vous le connaissiez.']	
Q78	Vous ne désirez pas que je le connaisse ?…	['Vous ne désirez pas que je le connaisse ?…']	
Q79	Non…	['Non…']	
Q80	M. Dorian Gray est dans l’atelier, monsieur.	['M. Dorian Gray est dans l’atelier, monsieur.']	dit le majordome
Q81	Vous allez bien être forcé de me le présenter, maintenant.	['Vous allez bien être forcé de me le présenter, maintenant.']	s’écria en riant lord Henry
Q82	Dites à M. Gray d’attendre, Parker ; je suis à lui dans un moment.	['Dites à M. Gray d’attendre, Parker ; je suis à lui dans un moment.']	
Q83	Dorian Gray est mon plus cher ami. C’est une simple et belle nature. Votre tante a eu parfaitement raison de dire de lui ce que vous m’avez rapporté… Ne me le gâtez pas ; n’essayez point de l’influencer ; votre influence lui serait pernicieuse. Le monde est grand et ne manque pas de gens intéressants. Ne m’enlevez pas la seule personne qui donne à mon art le charme qu’il peut posséder ; ma vie d’artiste dépend de lui. Faites attention, Harry, je vous en conjure…	['Dorian Gray est mon plus cher ami.', 'C’est une simple et belle nature.', 'Votre tante a eu parfaitement raison de dire de lui ce que vous m’avez rapporté…', 'Ne me le gâtez pas ; n’essayez point de l’influencer ; votre influence lui serait pernicieuse.', 'Le monde est grand et ne manque pas de gens intéressants.', 'Ne m’enlevez pas la seule personne qui donne à mon art le charme qu’il peut posséder ; ma vie d’artiste dépend de lui.', 'Faites attention, Harry, je vous en conjure…']	dit-il
Q84	Quelle bêtise me dites-vous, et prenant Hallward par le bras, il le conduisit presque malgré lui dans la maison.	['Quelle bêtise me dites-vous', 'et prenant Hallward par le bras', 'il le conduisit presque malgré lui dans la maison.']	dit lord Henry souriant
